Country,population in 2000,population in 2001,population in 2002,population in 2003,population in 2004,population in 2005,population in 2006,population in 2007,population in 2008,population in 2009,population in 2010,population in 2011,population in 2012,population in 2013,population in 2014,population in 2015,population in 2016,population in 2017,population in 2018,population in 2019,population in 2020,population in 2021,population in 2022,population in 2023,population in 2024,population in 2025,population in 2026,population in 2027,population in 2028
Afghanistan,,17.887,18.707,19.477,20.237,20.947,21.596,22.426,22.997,23.596,24.269,25.031,25.864,26.736,27.601,28.425,29.2,29.7,31.6,32.2,32.941,33.698,34.263,,,,,,
Albania,3.089,3.06,3.051,3.04,3.027,3.011,2.993,2.97,2.947,2.928,2.913,2.905,2.9,2.895,2.889,2.881,2.876,2.884,2.883,2.881,2.878,2.873,2.866,2.858,2.85,2.84,2.831,2.821,2.81
Algeria,30.506,30.954,31.414,31.885,32.366,32.855,33.351,33.858,34.591,35.268,35.978,36.717,37.495,38.297,39.114,39.963,40.836,41.721,42.578,43.424,43.851,44.577,45.291,45.973,46.626,47.251,47.851,48.428,48.983
Andorra,,,,,,,,,,,0.07,0.07,0.07,0.07,0.071,0.072,0.073,0.075,0.076,0.078,0.078,0.08,0.082,0.084,0.086,0.088,0.09,0.093,0.095
Angola,16.394,16.942,17.516,18.124,18.771,19.451,20.162,20.91,21.692,22.508,23.364,24.259,25.188,26.147,27.128,28.128,29.155,30.209,31.274,32.354,33.428,34.504,35.711,36.783,37.886,39.023,40.194,41.399,42.641
Antigua and Barbuda,0.076,0.077,0.078,0.078,0.079,0.08,0.081,0.082,0.083,0.084,0.085,0.086,0.087,0.088,0.089,0.091,0.092,0.094,0.095,0.096,0.098,0.099,0.101,0.102,0.104,0.105,0.106,0.108,0.109
Argentina,36.784,37.156,37.516,37.87,38.226,38.592,38.971,39.356,39.746,40.134,40.788,41.261,41.733,42.203,42.67,43.132,43.59,44.045,44.495,44.939,45.388,45.842,46.3,46.763,47.231,47.703,48.18,48.662,49.149
Armenia,3.08,3.06,3.05,3.04,3.03,3.01,3.0,2.99,2.98,2.97,2.966,2.968,2.97,2.98,2.985,2.99,2.993,2.979,2.969,2.963,2.962,2.962,2.962,2.963,2.963,2.963,2.963,2.964,2.964
Aruba,0.091,0.091,0.092,0.093,0.095,0.098,0.099,0.1,0.101,0.102,0.102,0.103,0.104,0.106,0.107,0.108,0.109,0.109,0.109,0.109,0.109,0.108,0.107,0.107,0.107,0.107,0.107,0.107,0.106
Australia,19.141,19.386,19.605,19.827,20.046,20.312,20.628,21.016,21.476,21.866,22.172,22.522,22.928,23.298,23.64,23.985,24.385,24.759,25.146,25.52,25.631,25.772,26.268,26.584,26.929,27.266,27.593,27.924,28.259
Austria,8.012,8.042,8.082,8.118,8.169,8.225,8.268,8.295,8.322,8.341,8.361,8.389,8.426,8.477,8.544,8.63,8.74,8.815,8.885,8.859,8.901,8.98,9.025,9.07,9.115,9.161,9.207,9.253,9.302
Azerbaijan,8.033,8.114,8.191,8.269,8.349,8.447,8.553,8.666,8.78,8.922,8.998,9.111,9.235,9.357,9.477,9.593,9.706,9.81,9.898,9.982,10.067,10.119,10.156,10.278,10.402,10.526,10.653,10.781,10.91
Bahamas,0.304,0.308,0.313,0.318,0.323,0.328,0.332,0.337,0.342,0.347,0.351,0.355,0.359,0.362,0.366,0.37,0.373,0.377,0.381,0.385,0.389,0.394,0.399,0.404,0.408,0.413,0.417,0.421,0.425
Bahrain,0.638,0.661,0.711,0.765,0.824,0.889,0.96,1.039,1.107,1.178,1.235,1.195,1.209,1.253,1.315,1.37,1.424,1.501,1.503,1.484,1.472,1.504,1.542,1.581,1.62,1.661,1.703,1.745,1.789
Bangladesh,127.658,130.089,132.478,134.792,136.986,139.036,140.921,142.66,144.304,145.925,147.575,149.274,151.008,152.765,154.52,156.256,157.971,159.671,161.356,163.046,164.689,166.657,168.52,170.279,172.019,173.736,175.423,177.07,178.681
Barbados,0.27,0.271,0.271,0.272,0.273,0.274,0.275,0.276,0.277,0.278,0.28,0.281,0.282,0.283,0.283,0.284,0.285,0.286,0.286,0.287,0.288,0.289,0.289,0.29,0.291,0.292,0.292,0.293,0.294
Belarus,9.99,9.957,9.9,9.831,9.763,9.697,9.63,9.579,9.542,9.514,9.496,9.472,9.451,9.442,9.444,9.453,9.469,9.47,9.448,9.429,9.41,9.35,9.256,9.21,9.164,9.118,9.072,9.027,8.982
Belgium,10.239,10.263,10.31,10.356,10.396,10.446,10.511,10.585,10.667,10.753,10.84,11.001,11.076,11.138,11.181,11.237,11.311,11.352,11.399,11.456,11.522,11.555,11.618,11.695,11.734,11.769,11.809,11.848,11.886
Belize,0.25,0.256,0.263,0.269,0.276,0.284,0.291,0.299,0.307,0.315,0.322,0.332,0.341,0.35,0.359,0.368,0.378,0.388,0.396,0.408,0.421,0.43,0.442,0.451,0.46,0.469,0.478,0.488,0.498
Benin,6.998,7.212,7.432,7.659,7.895,8.149,8.403,8.648,8.906,9.173,9.446,9.726,10.014,10.309,10.615,10.933,11.26,11.597,11.941,12.29,12.643,13.011,13.38,13.76,14.147,14.545,14.955,15.37,15.803
Bhutan,0.558,0.574,0.591,0.602,0.613,0.624,0.635,0.643,0.651,0.659,0.667,0.675,0.683,0.692,0.7,0.713,0.722,0.731,0.735,0.738,0.745,0.753,0.76,0.767,0.775,0.782,0.79,0.797,0.805
Bolivia,8.43,8.59,8.75,8.91,9.07,9.23,9.39,9.55,9.71,9.87,10.03,10.19,10.35,10.51,10.67,10.83,10.99,11.15,11.31,11.47,11.63,11.8,11.96,12.13,12.29,12.45,12.635,12.823,13.014
Bosnia and Herzegovina,3.751,3.755,3.759,3.76,3.763,3.766,3.768,3.762,3.754,3.736,3.704,3.66,3.605,3.531,3.526,3.518,3.511,3.504,3.496,3.491,3.487,3.481,3.473,3.464,3.455,3.445,3.436,3.426,3.416
Botswana,1.727,1.762,1.795,1.827,1.859,1.893,1.929,1.967,2.007,2.049,2.092,2.134,2.175,2.217,2.26,2.305,2.352,2.402,2.451,2.5,2.546,2.588,2.63,2.675,2.72,2.763,2.806,2.849,2.89
Brazil,169.591,171.975,174.21,176.366,178.471,180.546,182.567,184.496,186.42,188.588,190.756,191.765,192.763,193.826,194.906,196.019,197.051,198.042,199.067,200.047,200.978,202.02,203.063,204.246,205.375,206.45,207.531,208.617,209.709
Brunei,0.325,0.333,0.34,0.346,0.352,0.359,0.365,0.37,0.375,0.38,0.387,0.393,0.399,0.403,0.408,0.412,0.417,0.426,0.437,0.451,0.442,0.441,0.441,0.441,0.441,0.441,0.441,0.441,0.442
Bulgaria,8.15,7.891,7.846,7.801,7.761,7.719,7.679,7.64,7.607,7.564,7.505,7.327,7.285,7.246,7.202,7.154,7.102,7.05,7.0,6.951,6.917,6.839,6.448,6.409,6.371,6.332,6.294,6.257,6.219
Burkina Faso,11.883,12.25,12.632,13.031,13.446,13.876,14.316,14.757,15.198,15.65,16.117,16.603,17.114,17.636,18.17,18.718,19.275,19.836,20.393,20.952,21.54,22.145,22.766,23.405,24.062,24.738,25.432,26.146,26.88
Burundi,6.684,6.884,7.091,7.26,7.478,7.512,7.737,7.969,8.232,8.504,8.776,9.048,9.329,9.618,9.907,10.204,10.53,10.867,11.193,11.529,11.875,12.231,12.598,12.976,13.365,13.766,14.179,14.605,15.043
Cape Verde,0.435,0.444,0.452,0.46,0.468,0.475,0.481,0.486,0.492,0.497,0.502,0.508,0.514,0.52,0.526,0.533,0.54,0.546,0.544,0.55,0.557,0.563,0.57,0.577,0.584,0.591,0.598,0.605,0.612
Cambodia,12.223,12.473,12.709,12.934,13.149,13.356,13.555,13.747,13.941,14.096,14.251,14.406,14.561,14.716,14.871,15.026,15.181,15.336,15.491,15.6,15.678,15.835,15.993,16.153,16.315,16.478,16.643,16.809,16.977
Cameroon,15.514,15.929,16.358,16.801,17.259,17.733,18.224,18.73,19.253,19.79,20.341,20.906,21.485,22.077,22.682,23.298,23.927,24.566,25.216,25.876,26.546,27.224,27.912,28.608,29.315,30.032,30.759,31.496,32.244
Canada,30.647,30.971,31.309,31.603,31.901,32.204,32.529,32.849,33.199,33.581,33.958,34.298,34.665,35.034,35.392,35.678,36.052,36.495,37.003,37.54,37.977,38.205,38.846,39.773,40.314,40.839,41.35,41.85,42.337
Central African Republic,3.638,3.704,3.767,3.83,3.894,3.961,4.032,4.107,4.185,4.266,4.35,4.419,4.436,4.448,4.464,4.493,4.538,4.596,4.666,4.745,4.83,4.92,5.017,5.119,5.227,5.338,5.454,5.572,5.694
Chad,8.356,8.678,9.019,9.374,9.735,10.097,10.457,10.818,11.184,11.56,11.952,12.361,12.785,13.22,13.664,14.111,14.562,15.017,15.478,15.947,16.426,16.915,17.414,17.921,18.437,18.961,19.491,20.03,20.576
Chile,15.343,15.52,15.692,15.857,16.022,16.183,16.348,16.518,16.698,16.881,17.064,17.254,17.443,17.612,17.788,17.971,18.167,18.419,18.751,19.107,19.458,19.678,19.829,19.961,20.086,20.207,20.323,20.434,20.54
China,1267.43,1276.27,1284.53,1292.27,1299.88,1307.56,1314.48,1321.29,1328.02,1334.5,1340.91,1349.16,1359.22,1367.26,1376.46,1383.26,1392.32,1400.11,1405.41,1410.08,1412.12,1412.6,1411.75,1411.397,1410.776,1409.817,1408.534,1406.942,1405.043
Colombia,39.152,39.656,40.156,40.661,41.166,41.672,42.17,42.659,43.134,43.609,44.086,44.553,45.002,45.435,45.866,46.314,46.83,47.419,48.258,49.396,50.372,51.049,51.609,52.156,52.691,53.217,53.732,54.253,54.779
Comoros,0.54,0.552,0.564,0.576,0.59,0.604,0.62,0.636,0.652,0.669,0.687,0.705,0.724,0.744,0.764,0.785,0.806,0.828,0.851,0.874,0.897,0.921,0.955,0.991,1.027,1.066,1.107,1.149,1.193
DR Congo,48.049,49.449,50.971,52.602,54.315,56.09,57.927,59.835,61.809,63.845,65.939,68.087,70.291,72.553,74.877,77.267,79.801,82.417,85.12,87.911,90.794,93.751,96.801,99.948,103.197,106.552,110.02,113.605,117.314
Republic of the Congo,2.857,2.929,3.002,3.077,3.154,3.233,3.313,3.396,3.481,3.568,3.657,3.749,3.843,3.939,4.037,4.138,4.241,4.347,4.456,4.568,4.682,4.799,4.919,5.042,5.168,5.297,5.429,5.565,5.704
Costa Rica,3.81,3.953,4.022,4.086,4.152,4.215,4.279,4.34,4.404,4.469,4.554,4.613,4.673,4.733,4.793,4.851,4.909,4.966,5.022,5.075,5.128,5.18,5.229,5.279,5.329,5.38,5.431,5.483,5.535
Croatia,4.381,4.3,4.302,4.303,4.305,4.31,4.311,4.31,4.31,4.305,4.295,4.281,4.268,4.256,4.238,4.204,4.174,4.125,4.088,4.065,4.048,3.879,3.854,3.841,3.832,3.836,3.848,3.859,3.871
Cyprus,0.69,0.698,0.706,0.714,0.723,0.733,0.744,0.758,0.776,0.797,0.819,0.84,0.862,0.866,0.858,0.847,0.848,0.855,0.864,0.876,0.888,0.896,0.905,0.921,0.921,0.929,0.937,0.944,0.951
Czech Republic,10.278,10.232,10.201,10.193,10.195,10.199,10.224,10.254,10.343,10.426,10.462,10.487,10.505,10.516,10.512,10.538,10.579,10.61,10.65,10.694,10.702,10.517,10.828,11.001,11.087,11.054,11.021,10.987,10.952
Ivory Coast,16.134,16.553,16.984,17.425,17.878,18.343,18.82,19.309,19.811,20.327,20.855,21.397,21.954,22.524,23.11,23.711,24.327,24.96,25.609,26.275,26.958,27.659,28.378,29.116,29.873,30.649,31.446,32.264,33.103
Denmark,5.33,5.349,5.368,5.384,5.398,5.411,5.427,5.447,5.476,5.511,5.535,5.561,5.581,5.603,5.627,5.66,5.707,5.749,5.781,5.806,5.823,5.84,5.873,5.893,5.912,5.932,5.953,5.974,5.996
Djibouti,0.718,0.733,0.747,0.76,0.772,0.783,0.795,0.805,0.816,0.828,0.84,0.854,0.868,0.883,0.899,0.914,0.929,0.944,0.959,0.974,0.988,1.002,1.016,1.03,1.043,1.056,1.069,1.081,1.093
Dominica,0.071,0.071,0.071,0.071,0.071,0.071,0.071,0.071,0.071,0.071,0.071,0.07,0.069,0.07,0.07,0.071,0.071,0.069,0.07,0.072,0.073,0.074,0.074,0.074,0.075,0.075,0.076,0.076,0.076
Dominican Republic,8.398,8.513,8.628,8.745,8.858,8.968,9.071,9.174,9.28,9.38,9.479,9.58,9.681,9.785,9.883,9.98,10.075,10.169,10.266,10.358,10.448,10.539,10.631,10.724,10.817,10.911,11.006,11.102,11.199
Ecuador,12.531,12.815,13.094,13.32,13.552,13.721,13.965,14.215,14.473,14.738,15.012,15.266,15.521,15.775,16.027,16.279,16.529,16.777,17.023,17.268,17.511,17.757,18.006,18.259,18.516,18.776,19.04,19.307,19.579
Egypt,64.0,65.3,66.6,68.0,69.3,70.7,72.2,73.6,75.2,76.9,78.7,80.5,82.5,84.6,86.8,89.0,91.0,95.2,97.1,98.1,100.6,102.1,103.6,105.672,107.785,109.941,112.14,114.383,116.67
El Salvador,5.959,5.988,6.011,6.027,6.036,6.038,6.034,6.044,6.068,6.091,6.114,6.137,6.161,6.186,6.21,6.231,6.251,6.267,6.276,6.28,6.293,6.314,6.336,6.359,6.381,6.403,6.426,6.449,6.471
Equatorial Guinea,0.614,0.64,0.666,0.695,0.725,0.757,0.792,0.829,0.868,0.909,0.951,0.994,1.039,1.084,1.129,1.175,1.221,1.268,1.314,1.36,1.406,1.452,1.498,1.544,1.59,1.637,1.683,1.73,1.777
Eritrea,2.292,2.375,2.481,2.601,2.72,2.827,2.918,2.997,3.063,3.12,3.17,3.214,3.25,3.281,3.311,3.343,3.377,3.413,3.453,3.497,,,,,,,,,
Estonia,1.397,1.388,1.379,1.371,1.363,1.355,1.347,1.341,1.337,1.335,1.331,1.327,1.323,1.318,1.315,1.315,1.316,1.317,1.322,1.327,1.33,1.331,1.349,1.348,1.348,1.347,1.345,1.344,1.342
Eswatini,0.956,0.965,0.974,0.983,0.992,1.001,1.01,1.018,1.026,1.033,1.041,1.048,1.056,1.063,1.071,1.078,1.086,1.093,1.104,1.115,1.127,1.139,1.151,1.163,1.176,1.189,1.201,1.214,1.227
Ethiopia,60.03,61.591,63.192,64.835,66.521,68.25,70.025,72.421,74.879,76.826,78.824,80.7,82.7,84.8,87.0,89.1,91.2,93.4,95.5,97.6,99.7,101.9,104.082,105.747,107.439,109.158,110.905,112.679,114.482
Fiji,0.798,0.803,0.809,0.815,0.82,0.826,0.832,0.837,0.841,0.845,0.849,0.853,0.858,0.862,0.866,0.869,0.877,0.885,0.89,0.895,0.9,0.905,0.91,0.915,0.92,0.925,0.93,0.935,0.94
Finland,5.171,5.181,5.195,5.206,5.22,5.237,5.256,5.277,5.3,5.326,5.351,5.375,5.401,5.427,5.451,5.472,5.487,5.503,5.513,5.518,5.525,5.534,5.548,5.608,5.633,5.64,5.644,5.645,5.641
France,58.858,59.267,59.686,60.102,60.505,60.963,61.4,61.795,62.135,62.466,62.765,63.07,63.376,63.698,64.028,64.301,64.469,64.639,64.844,65.097,65.269,65.45,65.647,65.832,66.016,66.201,66.387,66.573,66.76
Gabon,1.205,1.235,1.266,1.298,1.33,1.364,1.398,1.44,1.494,1.551,1.61,1.671,1.735,1.803,1.868,1.93,1.98,2.025,2.053,2.08,2.108,2.135,2.161,2.187,2.213,2.239,2.264,2.289,2.314
Gambia,1.318,1.36,1.404,1.45,1.497,1.544,1.591,1.64,1.689,1.74,1.793,1.848,1.905,1.964,2.024,2.086,2.149,2.214,2.28,2.349,2.419,2.492,2.567,2.644,2.724,2.805,2.89,2.977,3.066
Georgia,4.117,4.038,3.991,3.966,3.938,3.917,3.888,3.873,3.848,3.829,3.8,3.774,3.739,3.718,3.717,3.722,3.729,3.726,3.73,3.724,3.717,3.729,3.689,3.677,3.665,3.652,3.639,3.625,3.626
Germany,81.457,81.518,81.579,81.549,81.456,81.337,81.174,80.993,80.764,80.483,80.285,80.276,80.426,80.646,80.983,81.687,82.349,82.657,82.906,83.093,83.161,83.196,83.798,83.861,83.889,83.881,83.838,83.782,83.715
Ghana,18.912,19.397,19.883,20.371,20.859,21.367,21.876,22.388,22.901,23.417,24.659,25.261,25.867,26.479,27.092,27.707,28.324,28.94,29.555,30.168,30.779,31.394,32.082,32.902,33.743,34.605,35.49,36.397,37.328
Greece,10.776,10.836,10.888,10.916,10.94,10.97,11.005,11.036,11.061,11.095,11.119,11.123,11.086,11.004,10.927,10.858,10.784,10.768,10.741,10.725,10.719,10.679,10.46,10.46,10.455,10.449,10.434,10.418,10.402
Grenada,0.103,0.103,0.104,0.104,0.104,0.105,0.105,0.105,0.105,0.106,0.106,0.107,0.107,0.108,0.109,0.11,0.11,0.111,0.111,0.112,0.113,0.113,0.114,0.114,0.115,0.115,0.116,0.116,0.117
Guatemala,11.651,11.925,12.209,12.5,12.797,13.096,13.397,13.7,14.006,14.316,14.63,14.949,15.271,15.596,15.923,16.252,16.583,16.915,17.248,17.581,17.916,18.274,18.637,19.005,19.379,19.759,20.146,20.542,20.948
Guinea,8.746,8.895,9.046,9.205,9.38,9.576,9.799,10.047,10.315,10.593,10.876,11.162,11.451,11.745,12.044,12.345,12.654,12.97,13.294,13.627,13.967,14.317,14.674,15.041,15.417,15.803,16.198,16.603,17.018
Guinea-Bissau,1.194,1.219,1.246,1.272,1.299,1.328,1.356,1.386,1.417,1.449,1.46,1.492,1.525,1.559,1.593,1.628,1.664,1.7,1.738,1.776,1.815,1.855,1.896,1.937,1.978,2.019,2.06,2.103,2.145
Guyana,0.742,0.743,0.743,0.743,0.742,0.742,0.744,0.746,0.748,0.751,0.753,0.756,0.758,0.761,0.764,0.767,0.773,0.778,0.782,0.785,0.787,0.789,0.792,0.794,0.796,0.799,0.801,0.804,0.806
Haiti,8.576,8.72,8.861,9.001,9.145,9.292,9.445,9.602,9.762,9.923,10.085,10.248,10.413,10.579,10.746,10.912,11.078,11.245,11.412,11.578,11.743,11.906,12.065,12.227,12.391,12.557,12.725,12.896,13.069
Honduras,6.575,6.752,6.929,7.106,7.283,7.459,7.634,7.809,7.981,8.151,8.317,8.481,8.641,8.799,8.956,9.113,9.273,9.436,9.602,9.77,9.942,10.117,10.294,10.475,10.659,10.846,11.037,11.231,11.428
Hungary,10.222,10.2,10.175,10.142,10.117,10.098,10.077,10.066,10.045,10.031,10.014,9.986,9.932,9.909,9.877,9.856,9.83,9.798,9.778,9.773,9.77,9.731,9.689,9.671,9.657,9.647,9.641,9.64,9.639
Iceland,0.279,0.283,0.287,0.288,0.291,0.294,0.3,0.308,0.315,0.319,0.318,0.318,0.32,0.322,0.326,0.329,0.333,0.338,0.348,0.357,0.364,0.369,0.376,0.388,0.389,0.389,0.394,0.398,0.402
India,1059.634,1078.971,1098.313,1117.415,1136.265,1154.639,1172.374,1189.692,1206.735,1223.64,1240.614,1257.621,1274.487,1291.132,1307.247,1322.867,1338.636,1354.196,1369.003,1383.112,1396.387,1407.564,1417.173,1428.628,1441.72,1454.607,1467.231,1479.579,1491.671
Indonesia,206.265,209.206,212.19,215.216,218.285,221.398,224.555,227.758,231.006,234.3,237.641,241.991,245.425,248.818,252.165,255.588,258.497,261.356,264.162,266.912,270.204,272.249,274.859,277.432,279.965,282.455,284.896,287.285,289.62
Iran,63.515,64.584,65.657,67.315,68.345,69.39,70.496,71.532,72.266,73.196,74.157,75.15,76.038,77.016,77.97,78.94,79.926,81.07,82.084,83.075,84.038,84.841,85.69,86.547,87.412,88.286,89.169,90.061,90.961
Iraq,,,,25.96,26.674,27.377,28.064,28.741,29.43,30.163,30.962,31.76,32.578,33.417,35.0,35.213,36.169,37.14,38.124,39.115,40.132,41.176,42.246,43.345,44.472,45.628,46.814,48.032,49.28
Ireland,3.829,3.889,3.956,4.021,4.1,4.2,4.321,4.445,4.516,4.547,4.568,4.585,4.605,4.631,4.667,4.714,4.771,4.825,4.886,4.949,4.992,5.037,5.165,5.252,5.336,5.395,5.454,5.514,5.575
Israel,6.286,6.436,6.567,6.687,6.806,6.927,7.052,7.176,7.307,7.482,7.621,7.763,7.985,8.135,8.297,8.463,8.629,8.798,8.968,9.141,9.29,9.453,9.662,9.807,9.986,10.168,10.354,10.543,10.736
Italy,56.924,56.961,56.993,57.186,57.612,58.044,58.289,58.511,59.002,59.421,59.69,59.948,60.105,60.277,60.346,60.295,60.164,60.067,59.938,59.817,59.641,59.236,59.03,58.851,58.678,58.499,58.315,58.125,57.93
Jamaica,2.582,2.605,2.62,2.629,2.639,2.648,2.658,2.667,2.677,2.686,2.696,2.703,2.71,2.713,2.716,2.719,2.722,2.726,2.731,2.734,2.737,2.74,2.743,2.747,2.75,2.753,2.756,2.759,2.762
Japan,126.831,127.132,127.4,127.634,127.734,127.752,127.746,127.757,127.692,127.551,127.594,127.831,127.552,127.333,127.12,126.978,126.96,126.746,126.495,126.221,125.849,125.507,125.171,124.621,124.04,123.43,122.795,122.136,121.456
Jordan,5.122,5.217,5.318,5.434,5.58,5.766,5.992,6.255,6.556,6.893,7.262,7.663,8.09,8.519,8.919,9.267,9.554,9.786,9.965,10.102,10.203,10.269,10.301,10.312,10.321,10.34,10.375,10.426,10.655
Kazakhstan,14.866,14.851,14.867,14.951,15.075,15.219,15.397,15.572,15.982,16.203,16.441,16.674,16.91,17.161,17.416,17.67,17.918,18.157,18.396,18.632,18.877,19.503,19.767,19.994,20.214,20.426,20.641,20.847,21.056
Kenya,29.5,30.3,31.1,32.0,32.9,33.8,34.7,35.7,36.7,37.7,38.6,39.5,40.4,41.4,42.4,43.3,44.3,45.4,46.4,47.6,48.797,49.747,50.64,51.539,52.444,53.354,54.269,55.189,56.114
Kiribati,0.084,0.086,0.087,0.089,0.09,0.092,0.094,0.097,0.099,0.101,0.103,0.105,0.106,0.108,0.109,0.111,0.113,0.114,0.116,0.118,0.119,0.121,0.123,0.125,0.127,0.129,0.13,0.132,0.134
South Korea,47.008,47.37,47.645,47.892,48.083,48.185,48.438,48.684,49.055,49.308,49.554,49.937,50.2,50.429,50.747,51.015,51.218,51.362,51.585,51.765,51.836,51.745,51.635,51.565,51.505,51.455,51.405,51.355,51.305
Kosovo,1.472,1.472,1.511,1.537,1.631,1.651,1.674,1.699,1.72,1.748,1.775,1.78,1.816,1.821,1.805,1.772,1.784,1.799,1.796,1.782,1.798,1.769,1.77,1.771,1.772,1.772,1.773,1.774,1.775
Kuwait,2.217,2.309,2.42,2.547,2.754,2.991,3.183,3.4,3.442,3.485,3.582,3.697,3.824,3.965,4.092,4.239,4.411,4.5,4.622,4.776,4.671,4.764,4.86,4.957,5.056,5.157,5.26,5.366,5.473
Kyrgyzstan,4.875,4.922,4.968,5.013,5.073,5.136,5.189,5.248,5.289,5.348,5.418,5.478,5.552,5.663,5.777,5.895,6.019,6.14,6.257,6.389,6.517,6.654,6.795,6.931,7.077,7.227,7.372,7.527,7.686
Laos,5.431,5.52,5.606,5.689,5.768,5.853,5.947,6.041,6.136,6.23,6.323,6.416,6.509,6.601,6.691,6.787,6.891,6.998,7.105,7.212,7.319,7.425,7.477,7.582,7.686,7.788,7.889,7.988,8.086
Latvia,2.382,2.353,2.321,2.299,2.277,2.25,2.228,2.209,2.192,2.163,2.121,2.075,2.045,2.024,2.001,1.986,1.969,1.95,1.934,1.92,1.908,1.893,1.876,1.872,1.868,1.865,1.861,1.857,1.853
Lebanon,3.843,3.991,4.182,4.388,4.569,4.699,4.76,4.767,4.765,4.813,4.953,5.202,5.538,5.913,6.261,6.533,6.714,6.819,6.859,6.856,6.825,6.725,6.633,,,,,,
Lesotho,1.868,1.869,1.871,1.872,1.874,1.875,1.877,1.889,1.902,1.915,1.928,1.941,1.954,1.967,1.98,1.994,2.007,2.021,2.034,2.048,2.062,2.087,2.112,2.138,2.164,2.19,2.216,2.243,2.27
Liberia,2.848,2.954,3.025,3.077,3.136,3.218,3.329,3.462,3.608,3.754,3.891,4.017,4.136,4.248,4.36,4.472,4.587,4.702,4.819,4.937,5.058,5.18,5.305,5.432,5.561,5.692,5.825,5.959,6.095
Libya,5.18,5.26,5.34,5.42,5.51,5.59,5.69,5.78,5.88,5.96,6.041,5.923,6.283,6.266,6.259,6.322,6.385,6.448,6.513,6.578,6.644,6.71,6.777,6.845,6.913,6.982,7.052,7.122,7.194
Lithuania,3.5,3.471,3.443,3.415,3.377,3.323,3.27,3.231,3.198,3.163,3.097,3.028,2.988,2.958,2.932,2.905,2.868,2.828,2.802,2.794,2.795,2.801,2.817,2.789,2.764,2.739,2.714,2.693,2.671
Luxembourg,0.434,0.439,0.444,0.448,0.455,0.461,0.469,0.476,0.484,0.494,0.502,0.512,0.525,0.537,0.55,0.563,0.576,0.591,0.602,0.614,0.626,0.635,0.645,0.657,0.67,0.684,0.697,0.711,0.725
Madagascar,15.063,15.516,15.983,16.464,16.96,17.47,17.996,18.538,19.096,19.67,20.262,20.872,21.501,22.148,22.814,23.501,24.209,24.937,25.674,26.525,27.34,28.178,28.961,29.766,30.594,31.444,32.319,33.217,34.141
Malawi,12.07,12.343,12.813,13.098,13.385,13.654,14.043,14.439,14.846,15.274,15.714,16.166,16.632,17.111,17.604,18.111,18.632,19.169,19.721,20.289,20.873,21.474,22.093,22.729,23.384,24.057,24.75,25.463,26.196
Malaysia,23.495,24.123,24.727,25.32,25.905,26.477,26.832,27.1,27.6,28.082,28.589,29.062,29.51,30.214,30.709,31.186,31.634,32.023,32.382,32.523,32.447,32.576,32.652,33.059,33.46,33.852,34.234,34.606,34.968
Maldives,0.27,0.276,0.281,0.285,0.289,0.294,0.299,0.305,0.31,0.315,0.32,0.325,0.331,0.336,0.342,0.348,0.354,0.36,0.366,0.372,0.378,0.384,0.391,0.397,0.404,0.411,0.418,0.425,0.432
Mali,11.239,11.584,11.953,12.342,12.752,13.181,13.624,14.081,14.551,15.033,15.529,16.04,16.515,17.004,17.552,18.113,18.7,19.311,19.934,20.567,21.23,21.915,22.621,23.348,24.101,24.877,25.678,26.505,27.359
Malta,0.389,0.391,0.395,0.397,0.4,0.403,0.405,0.406,0.408,0.411,0.414,0.415,0.418,0.423,0.429,0.44,0.45,0.46,0.476,0.494,0.515,0.516,0.521,0.525,0.527,0.53,0.533,0.535,0.538
Marshall Islands,0.051,0.051,0.05,0.05,0.05,0.051,0.051,0.052,0.052,0.052,0.053,0.053,0.053,0.052,0.051,0.05,0.049,0.047,0.045,0.044,0.044,0.044,0.045,0.045,0.045,0.046,0.046,0.047,0.047
Mauritania,2.643,2.72,2.8,2.882,2.965,3.047,2.953,3.036,3.119,3.202,3.285,3.369,3.454,3.537,3.621,3.706,3.794,3.881,3.97,4.058,4.147,4.24,4.334,4.43,4.529,4.629,4.732,4.837,4.944
Mauritius,1.187,1.196,1.205,1.213,1.221,1.228,1.234,1.24,1.244,1.247,1.25,1.252,1.256,1.259,1.261,1.263,1.264,1.265,1.266,1.265,1.266,1.264,1.261,1.261,1.261,1.261,1.261,1.261,1.26
Mexico,98.785,100.105,101.494,102.89,104.272,105.669,107.155,108.745,110.405,112.095,113.749,115.367,116.936,118.454,119.936,121.348,122.715,124.042,125.328,126.578,127.792,128.972,130.118,131.23,132.308,133.352,134.363,135.34,136.324
Micronesia,0.107,0.107,0.106,0.106,0.106,0.106,0.105,0.104,0.104,0.103,0.103,0.103,0.103,0.103,0.104,0.104,0.104,0.104,0.104,0.104,0.105,0.105,0.105,0.105,0.105,0.106,0.106,0.106,0.106
Moldova,2.934,2.928,2.92,2.911,2.906,2.897,2.89,2.883,2.879,2.876,2.873,2.873,2.873,2.871,2.869,2.845,2.824,2.78,2.73,2.682,2.634,2.587,2.541,2.496,2.451,2.408,2.365,2.323,2.281
Mongolia,2.403,2.432,2.466,2.495,2.522,2.551,2.583,2.62,2.666,2.716,2.761,2.812,2.868,2.93,2.996,3.058,3.12,3.178,3.238,3.297,3.358,3.41,3.461,3.512,3.562,3.61,3.659,3.709,3.759
Montenegro,0.605,0.607,0.61,0.612,0.613,0.614,0.615,0.616,0.617,0.618,0.619,0.62,0.621,0.621,0.622,0.622,0.622,0.622,0.622,0.622,0.621,0.622,0.622,0.622,0.623,0.623,0.624,0.624,0.625
Morocco,28.283,28.666,29.051,29.438,29.826,30.215,30.606,30.998,31.391,31.786,32.182,32.579,32.978,33.378,33.77,34.125,34.487,34.852,35.22,35.587,35.952,36.313,36.669,37.022,37.37,37.712,38.05,38.381,38.706
Mozambique,17.712,18.222,18.764,19.331,19.911,20.494,21.08,21.673,22.277,22.895,23.532,24.188,24.863,25.561,26.286,27.042,27.83,28.649,29.424,30.286,31.178,32.077,32.97,33.897,34.858,35.835,36.826,37.831,38.85
Myanmar,45.585,46.126,46.59,46.977,47.304,47.598,47.887,48.186,48.496,48.818,49.159,49.521,49.909,50.324,50.758,51.199,51.633,52.05,52.449,52.832,53.199,53.55,53.886,54.205,54.506,54.789,55.054,55.301,55.53
Namibia,1.828,1.83,1.86,1.891,1.923,1.957,1.992,1.994,2.024,2.054,2.085,2.116,2.155,2.196,2.238,2.281,2.324,2.369,2.414,2.459,2.504,2.55,2.596,2.643,2.69,2.738,2.788,2.838,2.889
Nauru,,,,,0.01,0.01,0.009,0.009,0.009,0.01,0.01,0.01,0.01,0.011,0.011,0.012,0.012,0.013,0.012,0.012,0.012,0.012,0.013,0.013,0.013,0.013,0.014,0.014,0.014
Nepal,24.56,24.956,25.332,25.683,26.004,26.285,26.519,26.714,26.882,27.027,27.162,27.266,27.331,27.382,27.462,27.61,27.861,28.183,28.507,28.832,29.349,29.748,30.152,30.562,30.978,31.399,31.826,32.259,32.698
Netherlands,15.864,15.987,16.105,16.193,16.258,16.306,16.334,16.358,16.405,16.486,16.575,16.656,16.73,16.78,16.829,16.901,16.979,17.082,17.181,17.282,17.408,17.475,17.591,17.691,17.761,17.811,17.861,17.911,17.961
New Zealand,3.86,3.887,3.951,4.028,4.089,4.136,4.185,4.226,4.262,4.305,4.353,4.386,4.411,4.447,4.52,4.613,4.717,4.815,4.902,4.986,5.086,5.111,5.125,5.188,5.242,5.296,5.351,5.406,5.461
Nicaragua,4.957,5.059,5.162,5.268,5.375,5.483,5.523,5.596,5.669,5.77,5.843,5.916,6.094,6.158,6.222,6.287,6.353,6.419,6.485,6.553,6.496,6.539,6.607,6.676,6.746,6.816,6.887,6.959,7.031
Niger,11.332,11.751,12.19,12.648,13.126,13.624,14.144,14.685,15.251,15.843,16.464,17.115,17.795,18.504,19.24,20.002,20.789,21.602,22.443,23.311,24.207,25.131,26.084,27.066,28.08,29.126,30.204,31.315,32.458
Nigeria,122.284,125.394,128.596,131.901,135.32,138.865,142.538,146.34,150.27,154.325,158.503,162.805,167.229,171.766,176.405,181.137,185.96,190.873,195.875,200.964,206.14,211.401,216.747,222.182,227.713,233.343,239.073,244.902,250.83
North Macedonia ,2.01,2.016,2.022,2.026,2.033,2.037,2.042,2.045,2.049,2.053,2.057,2.06,2.062,2.066,2.069,2.071,2.074,2.075,2.077,2.076,2.069,2.065,2.06,2.06,2.06,2.06,2.06,2.06,2.06
Norway,4.501,4.519,4.547,4.573,4.599,4.632,4.672,4.722,4.787,4.843,4.908,4.973,5.038,5.096,5.156,5.205,5.252,5.29,5.324,5.357,5.385,5.415,5.475,5.508,5.541,5.574,5.608,5.641,5.675
Oman,2.402,2.443,2.484,2.526,2.57,2.618,2.67,2.726,2.785,2.883,2.998,3.295,3.623,3.855,3.992,4.159,4.414,4.56,4.602,4.618,4.445,4.527,4.934,5.092,5.255,5.423,5.597,5.776,5.96
Pakistan,142.24,145.17,148.07,151.78,154.78,157.75,160.69,163.59,170.3,173.94,177.61,181.31,185.04,188.78,192.57,196.37,200.19,205.17,209.75,213.95,218.24,222.59,227.027,231.552,236.167,240.875,245.676,250.573,255.567
Palau,0.019,0.019,0.019,0.02,0.02,0.02,0.02,0.019,0.019,0.019,0.018,0.018,0.018,0.017,0.017,0.018,0.018,0.018,0.018,0.018,0.018,0.018,0.018,0.018,0.018,0.018,0.018,0.018,0.018
Panama,3.041,3.102,3.164,3.227,3.289,3.351,3.413,3.476,3.538,3.6,3.662,3.724,3.788,3.851,3.913,3.975,4.037,4.098,4.159,4.219,4.279,4.337,4.395,4.453,4.51,4.566,4.621,4.677,4.734
Papua New Guinea,5.13,5.256,5.384,5.515,5.647,5.781,5.917,6.056,6.196,6.339,6.684,7.047,7.431,7.593,7.756,7.92,8.085,8.254,8.426,8.601,8.781,11.782,12.027,12.278,12.534,12.796,13.062,13.335,13.613
Paraguay,5.284,5.385,5.485,5.583,5.682,5.78,5.877,5.975,6.072,6.169,6.266,6.363,6.461,6.559,6.657,6.756,6.855,6.954,7.053,7.153,7.253,7.353,7.454,7.555,7.656,7.758,7.862,7.966,8.073
Peru,25.984,26.367,26.739,27.103,27.46,27.811,28.151,28.482,28.807,29.132,29.462,29.798,30.136,30.475,30.814,31.152,31.489,31.826,32.162,33.162,33.494,33.829,34.167,34.509,34.854,35.202,35.554,35.91,36.269
Philippines,76.95,78.61,80.27,81.91,83.55,85.17,86.79,88.39,89.98,91.56,93.14,94.7,96.25,97.79,99.31,100.83,102.53,104.17,105.76,107.29,108.77,110.2,111.57,112.893,114.164,115.378,116.605,117.845,119.099
Poland,38.263,38.254,38.242,38.219,38.191,38.174,38.157,38.125,38.116,38.136,38.023,38.063,38.064,38.063,38.018,38.006,37.967,37.973,37.977,37.973,37.958,37.84,37.654,37.609,37.554,37.49,37.417,37.342,37.267
Portugal,10.29,10.363,10.42,10.459,10.484,10.503,10.522,10.543,10.558,10.568,10.573,10.558,10.515,10.457,10.401,10.358,10.326,10.3,10.284,10.286,10.297,10.288,10.274,10.284,10.295,10.269,10.243,10.217,10.191
Puerto Rico,3.811,3.819,3.824,3.826,3.827,3.821,3.805,3.783,3.761,3.74,3.722,3.679,3.634,3.593,3.535,3.474,3.411,3.3,3.2,3.2,3.159,3.2,3.184,3.168,3.152,3.136,3.121,3.105,3.09
Qatar,0.594,0.612,0.63,0.66,0.72,0.821,0.968,1.152,1.554,1.639,1.715,1.733,1.833,2.004,2.216,2.438,2.618,2.725,2.76,2.799,2.834,2.748,2.831,2.873,2.902,2.916,2.931,2.946,2.96
Romania,22.455,22.43,21.833,21.628,21.521,21.382,21.257,21.131,20.635,20.44,20.295,20.199,20.096,20.02,19.947,19.871,19.761,19.644,19.533,19.414,19.329,19.202,19.042,19.03,18.944,18.832,18.715,18.593,18.467
Russia,146.304,145.649,144.964,144.334,143.801,143.237,142.863,142.748,142.737,142.834,142.865,143.056,143.347,143.667,146.267,146.545,146.804,146.88,146.781,146.749,146.171,145.558,143.442,143.204,142.924,142.607,142.253,141.866,141.449
Rwanda,7.7,7.9,8.1,8.3,8.6,8.8,9.0,9.2,9.5,9.7,10.0,10.2,10.483,10.737,10.997,11.263,11.533,11.809,12.09,12.374,12.663,12.956,13.246,13.499,13.857,14.162,14.471,14.786,15.053
Saint Kitts and Nevis,0.045,0.046,0.047,0.047,0.048,0.049,0.049,0.05,0.05,0.051,0.051,0.052,0.053,0.053,0.054,0.054,0.055,0.055,0.056,0.057,0.057,0.058,0.058,0.059,0.059,0.06,0.061,0.061,0.062
Saint Lucia,0.16,0.161,0.162,0.163,0.164,0.165,0.166,0.168,0.169,0.17,0.171,0.172,0.173,0.174,0.175,0.176,0.176,0.177,0.178,0.179,0.179,0.18,0.181,0.182,0.183,0.184,0.185,0.187,0.188
Saint Vincent and the Grenadines,0.108,0.108,0.108,0.108,0.108,0.108,0.108,0.109,0.109,0.109,0.109,0.109,0.109,0.109,0.11,0.11,0.11,0.11,0.111,0.111,0.111,0.111,0.111,0.111,0.111,0.111,0.111,0.111,0.112
Samoa,0.174,0.175,0.176,0.177,0.179,0.18,0.181,0.182,0.183,0.185,0.186,0.187,0.189,0.191,0.192,0.194,0.195,0.195,0.196,0.197,0.198,0.2,0.201,0.202,0.204,0.205,0.206,0.208,0.209
San Marino,,,,,0.029,0.029,0.03,0.03,0.03,0.031,0.031,0.032,0.032,0.032,0.033,0.033,0.033,0.033,0.033,0.034,0.034,0.034,0.034,0.034,0.034,0.034,0.034,0.035,0.035
Saudi Arabia,18.138,18.603,19.08,19.569,20.071,20.586,21.113,21.655,22.21,22.78,23.978,25.092,26.169,27.624,28.309,29.816,30.954,30.977,30.196,30.064,31.553,30.784,32.175,32.819,33.475,34.145,34.827,35.524,36.235
Senegal,9.798,10.036,10.284,10.541,10.81,11.09,11.382,11.687,12.005,12.335,12.678,13.034,13.402,13.782,14.175,14.578,14.994,15.419,15.854,16.296,16.744,17.204,17.676,18.162,18.661,19.173,19.7,20.241,20.797
Serbia,7.516,7.503,7.5,7.481,7.463,7.441,7.412,7.382,7.35,7.321,7.291,7.237,7.201,7.167,7.132,7.095,7.058,7.021,6.983,6.945,6.899,6.834,6.664,6.638,6.611,6.585,6.558,6.532,6.513
Seychelles,0.081,0.081,0.083,0.083,0.082,0.083,0.085,0.085,0.087,0.087,0.09,0.087,0.088,0.09,0.091,0.093,0.094,0.094,0.095,0.096,0.097,0.098,0.099,0.1,0.101,0.102,0.102,0.103,0.104
Sierra Leone,4.585,4.754,4.966,5.201,5.434,5.646,5.829,5.99,6.134,6.273,6.416,6.563,6.713,6.864,7.017,7.172,7.329,7.488,7.65,7.813,7.977,8.141,8.309,8.48,8.655,8.833,9.015,9.201,9.391
Singapore,4.028,4.138,4.176,4.115,4.167,4.266,4.401,4.589,4.839,4.988,5.077,5.184,5.312,5.399,5.47,5.535,5.607,5.612,5.639,5.704,5.686,5.454,5.637,5.659,5.68,5.706,5.732,5.76,5.786
Slovakia,5.399,5.379,5.379,5.375,5.372,5.373,5.373,5.373,5.376,5.382,5.39,5.392,5.404,5.411,5.416,5.421,5.426,5.435,5.443,5.45,5.458,5.46,5.435,5.437,5.437,5.436,5.434,5.429,5.424
Slovenia,1.988,1.99,1.994,1.995,1.996,1.998,2.003,2.01,2.01,2.032,2.047,2.05,2.055,2.059,2.061,2.063,2.064,2.066,2.067,2.081,2.096,2.109,2.107,2.114,2.116,2.115,2.113,2.112,2.11
Solomon Islands,0.413,0.424,0.435,0.447,0.459,0.47,0.481,0.492,0.503,0.515,0.528,0.542,0.556,0.571,0.587,0.603,0.619,0.636,0.653,0.67,0.687,0.704,0.722,0.74,0.758,0.777,0.796,0.816,0.836
Somalia,,,,,,,,,,,,,11.846,12.178,12.519,12.87,13.23,13.6,13.981,14.373,14.775,15.189,15.614,16.051,16.501,16.963,17.438,17.926,18.428
South Africa,44.9,45.724,46.355,46.806,47.31,47.86,48.446,49.089,49.795,50.545,51.329,52.129,52.93,53.751,54.574,55.407,56.252,57.098,57.939,58.775,59.622,60.143,60.604,61.528,62.467,63.419,64.386,65.368,66.365
South Sudan,,,,,,,,,,,,10.449,10.818,11.177,11.531,11.882,12.231,12.585,12.976,13.378,13.779,14.179,14.59,15.013,15.448,15.896,16.357,16.832,17.32
Spain,40.554,40.766,41.424,42.196,42.859,43.663,44.361,45.236,45.983,46.368,46.562,46.736,46.766,46.593,46.455,46.41,46.45,46.533,46.729,47.105,47.356,47.331,47.615,47.81,47.994,48.166,48.327,48.478,48.618
Sri Lanka,18.778,18.912,19.062,19.224,19.387,19.545,19.696,19.842,19.984,20.124,20.262,20.398,20.425,20.585,20.778,20.97,21.203,21.444,21.67,21.803,21.919,22.156,22.396,,,,,,
Sudan,31.1,31.9,32.7,33.6,34.474,35.3,36.218,37.159,38.126,39.117,40.134,32.661,35.056,36.164,37.289,38.435,39.599,40.783,41.985,43.222,44.345,45.498,46.681,47.895,49.14,50.418,51.729,53.074,54.454
Suriname,0.467,0.474,0.479,0.484,0.493,0.499,0.504,0.51,0.517,0.524,0.531,0.54,0.542,0.55,0.559,0.567,0.576,0.583,0.59,0.598,0.603,0.61,0.617,0.624,0.632,0.64,0.647,0.655,0.663
Sweden,8.883,8.909,8.941,8.976,9.011,9.048,9.113,9.183,9.256,9.341,9.416,9.483,9.556,9.645,9.747,9.851,9.995,10.12,10.23,10.328,10.379,10.452,10.522,10.814,10.91,11.001,11.088,11.169,11.245
Switzerland,7.164,7.198,7.256,7.314,7.364,7.415,7.459,7.509,7.593,7.702,7.786,7.87,7.955,8.039,8.14,8.238,8.327,8.42,8.484,8.545,8.606,8.67,8.739,8.805,8.871,8.937,9.004,9.072,9.14
SÃ£o TomÃ© and PrÃ­ncipe,0.139,0.142,0.144,0.147,0.151,0.155,0.159,0.163,0.167,0.171,0.175,0.179,0.183,0.187,0.191,0.196,0.2,0.204,0.209,0.213,0.218,0.223,0.227,0.232,0.237,0.242,0.257,0.262,0.267
Tajikistan,6.216,6.327,6.448,6.577,6.713,6.854,7.001,7.152,7.31,7.473,7.642,7.816,7.995,8.178,8.363,8.549,8.735,8.921,9.107,9.292,9.475,9.657,9.836,10.013,10.188,10.36,10.53,10.698,10.864
Tanzania,32.544,33.406,34.328,35.302,36.314,37.354,38.421,39.522,40.64,41.824,43.06,44.348,45.688,47.076,48.511,49.989,51.51,53.074,54.68,56.322,58.001,59.73,61.51,63.343,65.231,67.175,69.177,71.239,73.362
Thailand,62.953,63.539,64.069,64.55,64.995,65.416,65.813,66.182,66.531,66.867,67.195,67.518,67.836,68.145,68.439,68.715,68.971,69.21,69.428,69.626,69.8,69.951,70.078,70.183,70.266,70.329,70.372,70.394,70.397
Timor-Leste,0.872,0.885,0.901,0.918,0.935,0.957,0.982,1.007,1.032,1.055,1.077,1.1,1.125,1.15,1.173,1.196,1.215,1.234,1.253,1.271,1.29,1.31,1.332,1.351,1.37,1.39,1.409,1.428,1.448
Togo,5.008,5.145,5.282,5.421,5.565,5.712,5.874,6.048,6.222,6.399,6.572,6.749,6.927,7.106,7.288,7.473,7.661,7.853,8.047,8.243,8.443,8.647,8.856,9.07,9.29,9.515,9.745,9.981,10.222
Tonga,0.099,0.1,0.1,0.1,0.101,0.101,0.102,0.102,0.102,0.103,0.103,0.103,0.103,0.102,0.102,0.101,0.101,0.101,0.1,0.1,0.1,0.1,0.1,0.1,0.099,0.099,0.099,0.099,0.098
Trinidad and Tobago,1.267,1.272,1.277,1.284,1.29,1.296,1.303,1.308,1.314,1.321,1.328,1.336,1.345,1.354,1.362,1.37,1.378,1.384,1.39,1.395,1.399,1.407,1.414,1.421,1.428,1.435,1.442,1.448,1.455
Tunisia,9.699,9.786,9.864,9.94,10.018,10.102,10.196,10.298,10.407,10.522,10.64,10.761,10.887,11.015,11.144,11.274,11.403,11.532,11.659,11.783,11.903,12.019,12.129,12.235,12.336,12.432,12.523,12.609,12.691
Turkmenistan,4.528,4.578,4.627,4.675,4.724,4.775,4.83,4.887,4.946,5.008,5.087,5.174,5.268,5.366,5.466,5.565,5.642,5.71,5.77,5.939,6.061,6.152,6.24,6.326,6.409,6.489,6.566,6.641,6.713
Tuvalu,,,0.01,0.009,0.01,0.01,0.01,0.01,0.01,0.01,0.01,0.011,0.011,0.011,0.011,0.011,0.011,0.011,0.011,0.011,0.011,0.011,0.011,0.011,0.011,0.011,0.011,0.011,0.011
Turkey,64.73,65.603,66.402,67.187,68.01,68.861,69.73,70.586,71.517,72.561,73.723,74.724,75.627,76.668,77.696,78.741,79.815,80.811,82.004,83.155,83.614,84.68,85.28,86.268,87.237,88.19,89.123,90.035,90.926
Uganda,21.82,22.526,23.277,24.116,24.956,25.795,26.678,27.606,28.578,29.549,30.521,31.537,32.548,33.51,34.477,35.492,36.561,37.674,38.823,39.823,41.222,42.46,43.734,45.046,46.398,47.79,49.466,51.696,53.752
Ukraine,48.664,48.241,47.823,47.442,47.101,46.749,46.466,46.192,45.963,45.783,45.598,45.453,45.373,45.246,42.76,42.591,42.415,42.217,41.984,41.733,41.419,40.998,34.84,33.192,33.678,34.689,35.015,35.862,36.06
United Arab Emirates,2.995,3.167,3.349,3.551,3.761,4.106,5.012,6.219,8.074,8.2,8.264,8.394,8.526,8.661,8.799,8.939,9.121,9.304,9.367,9.504,9.282,9.558,9.865,10.062,10.243,10.428,10.616,10.807,11.001
United Kingdom,58.886,59.113,59.366,59.637,59.95,60.413,60.827,61.319,61.824,62.261,62.76,63.285,63.705,64.106,64.597,65.11,65.648,66.04,66.436,66.797,67.081,67.28,67.791,68.122,68.434,68.723,68.986,69.222,69.449
United States,282.296,285.216,288.019,290.733,293.389,296.115,298.93,301.903,304.718,307.374,309.737,311.944,314.167,316.331,318.619,320.926,323.221,325.28,327.023,328.547,331.257,332.314,333.53,335.143,336.692,338.263,339.841,341.426,343.019
Uruguay,3.349,3.351,3.347,3.338,3.341,3.352,3.358,3.359,3.363,3.378,3.397,3.413,3.426,3.44,3.454,3.467,3.48,3.493,3.506,3.519,3.531,3.543,3.555,3.567,3.578,3.589,3.6,3.611,3.621
Uzbekistan,24.488,24.813,25.116,25.428,25.707,26.021,26.313,26.664,27.072,27.533,28.001,29.123,29.555,29.994,30.493,31.023,31.575,32.121,32.657,33.256,33.905,34.559,35.271,36.025,36.745,37.48,38.23,38.995,39.774
Vanuatu,0.191,0.195,0.2,0.204,0.209,0.214,0.219,0.224,0.229,0.234,0.24,0.245,0.251,0.257,0.263,0.269,0.272,0.279,0.285,0.292,0.302,0.312,0.323,0.334,0.345,0.357,0.369,0.382,0.395
Venezuela,24.394,24.803,25.212,25.622,26.033,26.445,26.858,27.273,27.689,28.106,28.524,28.944,29.365,29.786,30.206,30.62,30.714,30.442,28.903,27.817,27.951,27.586,26.917,26.54,26.459,,,,
Vietnam,79.395,80.469,81.534,82.302,83.063,83.833,84.618,85.42,86.243,87.092,87.968,87.86,88.809,89.76,90.729,91.713,92.695,93.672,94.666,96.484,97.583,98.506,99.462,100.399,101.302,102.175,103.018,103.837,104.639
West Bank and Gaza,3.053,3.138,3.225,3.315,3.407,3.508,3.612,3.719,3.821,3.922,4.023,4.125,4.226,4.328,4.429,4.53,4.632,4.733,4.854,4.977,5.101,5.227,5.355,5.479,5.603,5.728,5.853,5.978,6.102
Yemen,18.371,18.886,19.4,19.921,20.457,21.01,21.631,22.301,22.982,23.676,24.383,25.105,25.846,26.6,27.368,28.139,28.894,29.654,30.415,31.166,31.927,32.641,33.322,34.071,34.829,35.611,36.39,37.174,37.957
Zambia,9.891,10.192,10.508,10.838,11.188,11.565,11.972,12.402,12.853,13.318,13.792,14.266,14.745,15.235,15.738,16.248,16.768,17.298,17.836,18.38,18.928,19.473,20.018,20.57,21.135,21.707,22.286,22.874,23.469
Zimbabwe,11.693,11.663,11.632,11.64,11.73,11.83,12.01,12.04,12.12,12.23,12.34,12.459,13.061,13.43,13.778,14.009,14.228,14.437,14.642,14.905,15.189,15.492,15.817,16.164,16.481,16.79,17.095,17.407,17.729
